<?xml version="1.0" encoding="UTF-8"?>
<jcr:root xmlns:sling="http://sling.apache.org/jcr/sling/1.0" xmlns:granite="http://www.adobe.com/jcr/granite/1.0" xmlns:cq="http://www.day.com/jcr/cq/1.0" xmlns:jcr="http://www.jcp.org/jcr/1.0" xmlns:nt="http://www.jcp.org/jcr/nt/1.0"
    jcr:primaryType="cq:Template"
    allowedPaths="[/content/entities(/.*)?]"
    ranking="{Long}100">
    <jcr:content
        cq:lastModified="{Date}2021-09-21T16:22:24.120+02:00"
        cq:lastModifiedBy="admin"
        cq:lastReplicated="{Date}2021-09-24T20:05:38.892Z"
        cq:lastReplicated_publish="{Date}2021-09-24T20:05:38.892Z"
        cq:lastReplicatedBy="tugarev@adobe.com"
        cq:lastReplicatedBy_publish="tugarev@adobe.com"
        cq:lastReplicationAction="Activate"
        cq:lastReplicationAction_publish="Activate"
        cq:scaffolding="/conf/adaptto/settings/dam/cfm/models/schedule/jcr:content/model"
        cq:templateType="/libs/settings/dam/cfm/model-types/fragment"
        jcr:primaryType="cq:PageContent"
        jcr:title="Schedule"
        sling:resourceSuperType="dam/cfm/models/console/components/data/entity"
        sling:resourceType="dam/cfm/models/console/components/data/entity/default"
        status="enabled">
        <metadata jcr:primaryType="nt:unstructured"/>
        <model
            cq:targetPath="/content/entities"
            jcr:primaryType="cq:PageContent"
            sling:resourceType="wcm/scaffolding/components/scaffolding"
            dataTypesConfig="/mnt/overlay/settings/dam/cfm/models/formbuilderconfig/datatypes"
            maxGeneratedOrder="20">
            <cq:dialog
                jcr:primaryType="nt:unstructured"
                sling:resourceType="cq/gui/components/authoring/dialog">
                <content
                    jcr:lastModified="{Date}2021-09-21T16:22:24.120+02:00"
                    jcr:lastModifiedBy="admin"
                    jcr:primaryType="nt:unstructured"
                    sling:resourceType="granite/ui/components/coral/foundation/fixedcolumns">
                    <items
                        jcr:primaryType="nt:unstructured"
                        maxGeneratedOrder="22">
                        <_x0031_632233720310
                            jcr:primaryType="nt:unstructured"
                            sling:resourceType="granite/ui/components/coral/foundation/form/select"
                            emptyOption="{Boolean}true"
                            fieldLabel="Day"
                            listOrder="21"
                            metaType="enumeration"
                            name="day"
                            renderReadOnly="false"
                            showEmptyInReadOnly="true"
                            valueType="string">
                            <optionsmultifield jcr:primaryType="nt:unstructured">
                                <item0
                                    jcr:primaryType="nt:unstructured"
                                    fieldLabel="Day 1"
                                    fieldValue="1"/>
                                <item1
                                    jcr:primaryType="nt:unstructured"
                                    fieldLabel="Day 2"
                                    fieldValue="2"/>
                                <item2
                                    jcr:primaryType="nt:unstructured"
                                    fieldLabel="Day 3"
                                    fieldValue="3"/>
                            </optionsmultifield>
                            <datasource
                                jcr:primaryType="nt:unstructured"
                                sling:resourceType="dam/cfm/admin/components/datasources/optionrendererenumeration"
                                variant="default"/>
                            <granite:data jcr:primaryType="nt:unstructured"/>
                        </_x0031_632233720310>
                        <_x0031_632233758881
                            jcr:primaryType="nt:unstructured"
                            sling:resourceType="dam/cfm/models/editor/components/fragmentreference/multifield"
                            allowNew="{Boolean}true"
                            fieldLabel="Presentations"
                            filter="hierarchy"
                            fragmentmodelreference="/conf/adaptto/settings/dam/cfm/models/presentation"
                            listOrder="22"
                            metaType="fragment-reference"
                            name="presentations"
                            nameSuffix="contentReference"
                            renderReadOnly="false"
                            rootPath="/content/dam/adaptto/presentations"
                            showEmptyInReadOnly="true"
                            valueType="string/content-fragment[]">
                            <field
                                jcr:primaryType="nt:unstructured"
                                sling:resourceType="dam/cfm/models/editor/components/fragmentreference"
                                fragmentmodelreference="/conf/adaptto/settings/dam/cfm/models/presentation"
                                name="presentations"
                                renderReadOnly="false"
                                rootPath="/content/dam/adaptto/presentations">
                                <granite:data jcr:primaryType="nt:unstructured"/>
                            </field>
                            <granite:data jcr:primaryType="nt:unstructured"/>
                        </_x0031_632233758881>
                    </items>
                </content>
            </cq:dialog>
        </model>
        <change-register jcr:primaryType="nt:unstructured">
            <_x0031_632596761678
                jcr:primaryType="nt:unstructured"
                changePath="/conf/adaptto/settings/dam/cfm/models/schedule/jcr:content/model/cq:dialog/content/items/1632594809456"
                elementPath="/conf/adaptto/settings/dam/cfm/models/schedule/jcr:content/model/cq:dialog/content/items/1632594809456"
                modelChangeType="MODEL_FIELD_REMOVED"
                modelPath="/conf/adaptto/settings/dam/cfm/models/schedule"/>
            <_x0031_632596761704
                jcr:primaryType="nt:unstructured"
                changePath="/conf/adaptto/settings/dam/cfm/models/schedule/jcr:content/model/cq:dialog/content/items/1632594776081"
                elementPath="/conf/adaptto/settings/dam/cfm/models/schedule/jcr:content/model/cq:dialog/content/items/1632594776081"
                modelChangeType="MODEL_FIELD_REMOVED"
                modelPath="/conf/adaptto/settings/dam/cfm/models/schedule"/>
        </change-register>
    </jcr:content>
</jcr:root>
